,gen,eluc,change
0,0,-0.906099,0.3268420322144013
1,0,-22.801437,0.4163615358692802
2,0,5.867778,0.4628963957394815
3,0,-8.437856,0.4529435257467405
4,0,-6.110321,0.3334972691068025
5,0,19.478977,0.4561683150517835
6,0,10.701285,0.4887385680028093
7,0,10.409423,0.34704878484062446
8,0,-3.5506387,0.41399502963472995
9,0,-1.9183346,0.47005029165288414
10,0,-9.474976,0.4848153012426481
11,0,1.9896194,0.41401360276518395
12,0,-14.294912,0.402995077253963
13,0,-17.722813,0.5255161600248577
14,0,-5.352242,0.39001927795710084
15,0,-5.2959385,0.39920473804305867
16,0,-25.64222,0.3691428694383085
17,0,-8.69861,0.5237965190648366
18,0,-27.254173,0.4197273778244663
19,0,-17.755825,0.4430622033064539
20,0,-14.312092,0.3333812000620264
21,0,-8.45562,0.44135624831160813
22,0,-12.647257,0.5331461691857454
23,0,-3.8047774,0.33583168101684074
24,0,16.106274,0.5091289401319419
25,0,-11.222758,0.29466267421587794
26,0,-17.448246,0.43857439017197736
27,0,5.542087,0.5953060081301071
28,0,-12.007136,0.4585015288252112
29,0,-4.592139,0.40538057848449766
30,0,37.919254,0.46817325026097345
31,0,-15.967364,0.4191698630102913
32,0,29.687956,0.4101998267514268
33,0,-24.780636,0.41787749500241533
34,0,-24.904581,0.35018148057184517
35,0,-7.18212,0.572564556416334
36,0,-8.546823,0.4333256011908539
37,0,-15.624817,0.36066326205218097
38,0,-8.591991,0.48977871267887335
39,0,4.0869393,0.41264270886269555
40,0,14.94659,0.3525065427358135
41,0,-10.659052,0.47740437772622757
42,0,-6.2006745,0.4143228295415705
43,0,-3.973866,0.41850870970223153
44,0,35.83742,0.46801206707323184
45,0,-20.958818,0.33946653473602906
46,0,5.0675297,0.36740525585026734
47,0,-27.985807,0.3766356996590501
48,0,-11.415431,0.2938940263971311
49,0,-13.27477,0.26510860422739685
50,0,1.6466763,0.48256176006044155
51,0,-3.8284006,0.3694433021607185
52,0,24.973633,0.33945627996594857
53,0,-13.114551,0.5511450498532177
54,0,1.9376036,0.2828962903573036
55,0,11.80215,0.37001138697857205
56,0,14.470068,0.3685619607850012
57,0,5.6938868,0.5556155384837644
58,0,-2.4066377,0.5214234636384214
59,0,0.008280131,0.5148951833977327
60,0,4.9184413,0.6001759439601958
61,0,-16.908442,0.45628492846652796
62,0,-16.601797,0.5762659141577751
63,0,10.10781,0.31870034628346694
64,0,-14.733526,0.5578890662978598
65,0,-2.9827378,0.41619293975808574
66,0,9.938837,0.3716804338478663
67,0,-9.667024,0.42487649523617205
68,0,36.47136,0.4527444164756633
69,0,-22.497477,0.3750688306564177
70,0,-12.881607,0.43143184169127274
71,0,5.492039,0.45226022410901884
72,0,24.304306,0.3436646899207579
73,0,1.3098139,0.3741984779030623
74,0,-31.145144,0.44659003295339705
75,0,7.3292704,0.5230742648137787
76,0,-16.267591,0.513035693910542
77,0,-23.370358,0.40280978275525076
78,0,-11.653206,0.3980646490361682
79,0,-13.926376,0.36235147997118466
80,0,34.626152,0.450399288229315
81,0,-6.837457,0.4366701511231034
82,0,6.688472,0.35163571934338334
83,0,15.002939,0.30446562912620306
84,0,24.08371,0.39197241858097065
85,0,-14.028867,0.3712530090627367
86,0,-17.151688,0.5090241635067048
87,0,-12.1018505,0.3353665340001334
88,0,28.279331,0.4540421166338061
89,0,13.29326,0.31753329102726585
90,0,-4.227826,0.41977549135617254
91,0,0.38109297,0.41711898239787726
92,0,-0.5969921,0.4550278032195507
93,0,5.0764046,0.39977618214933225
94,0,29.722633,0.4111593767546856
95,0,-14.304433,0.4865125236341379
96,0,-6.809992,0.518642638069566
97,0,-27.151098,0.4126811303658948
98,0,23.195837,0.49885241078113585
99,0,-15.218645,0.3654716358197064
100,1,-25.64222,0.3691428694383085
101,1,-14.312092,0.3333812000620264
102,1,-24.904581,0.35018148057184517
103,1,-20.958818,0.33946653473602906
104,1,-27.985807,0.3766356996590501
105,1,-13.27477,0.26510860422739685
106,1,-31.145144,0.44659003295339705
107,1,-22.497477,0.3750688306564177
108,1,-15.624817,0.36066326205218097
109,1,-27.254173,0.4197273778244663
110,1,-23.370358,0.40280978275525076
111,1,-27.151098,0.4126811303658948
112,1,-11.415431,0.2938940263971311
113,1,1.9376036,0.2828962903573036
114,1,-12.1018505,0.3353665340001334
115,1,-13.926376,0.36235147997118466
116,1,-15.218645,0.3654716358197064
117,1,-22.801437,0.4163615358692802
118,1,-24.780636,0.41787749500241533
119,1,-11.222758,0.29466267421587794
120,1,-14.294912,0.402995077253963
121,1,-14.028867,0.3712530090627367
122,1,-17.755825,0.4430622033064539
123,1,-17.448246,0.43857439017197736
124,1,-15.967364,0.4191698630102913
125,1,-0.906099,0.3268420322144013
126,1,-6.110321,0.3334972691068025
127,1,10.10781,0.31870034628346694
128,1,15.002939,0.30446562912620306
129,1,13.29326,0.31753329102726585
130,1,-11.653206,0.3980646490361682
131,1,-17.722813,0.5255161600248577
132,1,-16.908442,0.45628492846652796
133,1,-17.151688,0.5090241635067048
134,1,-12.881607,0.43143184169127274
135,1,-5.352242,0.39001927795710084
136,1,-3.8047774,0.33583168101684074
137,1,-3.8284006,0.3694433021607185
138,1,-6.2006745,0.4143228295415705
139,1,-9.667024,0.42487649523617205
140,1,-14.304433,0.4865125236341379
141,1,-16.601797,0.5762659141577751
142,1,-16.267591,0.513035693910542
143,1,-12.007136,0.4585015288252112
144,1,-5.2959385,0.39920473804305867
145,1,10.409423,0.34704878484062446
146,1,5.0675297,0.36740525585026734
147,1,24.973633,0.33945627996594857
148,1,24.304306,0.3436646899207579
149,1,6.688472,0.35163571934338334
150,1,1.3098139,0.3741984779030623
151,1,-8.546823,0.4333256011908539
152,1,-12.647257,0.5331461691857454
153,1,-13.114551,0.5511450498532177
154,1,-14.733526,0.5578890662978598
155,1,-10.659052,0.47740437772622757
156,1,-4.592139,0.40538057848449766
157,1,14.94659,0.3525065427358135
158,1,11.80215,0.37001138697857205
159,1,14.470068,0.3685619607850012
160,1,9.938837,0.3716804338478663
161,1,5.0764046,0.39977618214933225
162,1,-8.45562,0.44135624831160813
163,1,-6.837457,0.4366701511231034
164,1,-9.474976,0.4848153012426481
165,1,-3.5506387,0.41399502963472995
166,1,4.0869393,0.41264270886269555
167,1,-3.973866,0.41850870970223153
168,1,-4.227826,0.41977549135617254
169,1,24.08371,0.39197241858097065
170,1,-8.437856,0.4529435257467405
171,1,-8.69861,0.5237965190648366
172,1,-8.591991,0.48977871267887335
173,1,1.9896194,0.41401360276518395
174,1,-2.9827378,0.41619293975808574
175,1,29.687956,0.4101998267514268
176,1,-7.18212,0.572564556416334
177,1,-6.809992,0.518642638069566
178,1,-1.9183346,0.47005029165288414
179,1,0.38109297,0.41711898239787726
180,1,-0.5969921,0.4550278032195507
181,1,29.722633,0.4111593767546856
182,1,-2.4066377,0.5214234636384214
183,1,5.492039,0.45226022410901884
184,1,1.6466763,0.48256176006044155
185,1,0.008280131,0.5148951833977327
186,1,34.626152,0.450399288229315
187,1,5.867778,0.4628963957394815
188,1,19.478977,0.4561683150517835
189,1,28.279331,0.4540421166338061
190,1,5.542087,0.5953060081301071
191,1,5.6938868,0.5556155384837644
192,1,4.9184413,0.6001759439601958
193,1,36.47136,0.4527444164756633
194,1,10.701285,0.4887385680028093
195,1,7.3292704,0.5230742648137787
196,1,35.83742,0.46801206707323184
197,1,16.106274,0.5091289401319419
198,1,23.195837,0.49885241078113585
199,1,37.919254,0.46817325026097345
200,2,-25.64222,0.3691428694383085
201,2,-24.904581,0.35018148057184517
202,2,-27.985807,0.3766356996590501
203,2,-13.27477,0.26510860422739685
204,2,-31.145144,0.44659003295339705
205,2,-25.64222,0.3691428694383085
206,2,-24.904581,0.35018148057184517
207,2,-27.985807,0.3766356996590501
208,2,-13.27477,0.26510860422739685
209,2,-31.145144,0.44659003295339705
210,2,-18.439531,0.28914754462990144
211,2,-24.77962,0.3355272595223713
212,2,-8.758455,0.24719658124313545
213,2,-28.519209,0.4278736817695593
214,2,-30.804235,0.4459482086065751
215,2,-27.574364,0.40771470457322484
216,2,-11.415431,0.2938940263971311
217,2,-16.28713,0.3083805936955013
218,2,-20.958818,0.33946653473602906
219,2,-22.497477,0.3750688306564177
220,2,-23.370358,0.40280978275525076
221,2,-20.958818,0.33946653473602906
222,2,-22.497477,0.3750688306564177
223,2,1.9376036,0.2828962903573036
224,2,7.251304,0.2610105734159248
225,2,-28.44396,0.4362214794557398
226,2,-27.254173,0.4197273778244663
227,2,-27.151098,0.4126811303658948
228,2,-27.254173,0.4197273778244663
229,2,-11.222758,0.29466267421587794
230,2,-15.249153,0.31683074081029383
231,2,-16.479715,0.34035645719185953
232,2,-18.994408,0.3423012052336086
233,2,-19.003595,0.3822501530399186
234,2,11.268992,0.2924653993981451
235,2,-22.801437,0.4163615358692802
236,2,-24.780636,0.41787749500241533
237,2,-27.08802,0.4587828083669905
238,2,-14.312092,0.3333812000620264
239,2,10.10781,0.31870034628346694
240,2,-14.312092,0.3333812000620264
241,2,-14.222879,0.32150341095798973
242,2,6.4460816,0.3187450490621811
243,2,-5.258774,0.31997925619483514
244,2,-15.624817,0.36066326205218097
245,2,-15.624817,0.36066326205218097
246,2,-18.21467,0.374574159566278
247,2,15.002939,0.30446562912620306
248,2,13.29326,0.31753329102726585
249,2,-20.529099,0.4391979179703397
250,2,-22.368565,0.44268148217004144
251,2,-25.873106,0.5227853479264354
252,2,-11.223547,0.3259225538367965
253,2,-12.664344,0.32734514765205797
254,2,-13.926376,0.36235147997118466
255,2,-15.218645,0.3654716358197064
256,2,-18.002935,0.37669621903481443
257,2,-20.941069,0.4606190722233371
258,2,-0.906099,0.3268420322144013
259,2,-12.1018505,0.3353665340001334
260,2,-6.110321,0.3334972691068025
261,2,-14.028867,0.3712530090627367
262,2,-17.755825,0.4430622033064539
263,2,-15.967364,0.4191698630102913
264,2,-17.586731,0.43771953832103466
265,2,-14.681386,0.39214243508321556
266,2,-14.265679,0.3836552662041004
267,2,-19.614206,0.5430842901395274
268,2,-19.558857,0.46109602204984396
269,2,8.162048,0.32800785501592455
270,2,-10.08833,0.336861080257385
271,2,-3.8047774,0.33583168101684074
272,2,-17.448246,0.43857439017197736
273,2,-15.261475,0.4381673907773632
274,2,-14.294912,0.402995077253963
275,2,-11.653206,0.3980646490361682
276,2,-17.722813,0.5255161600248577
277,2,-10.014472,0.3627014372207208
278,2,-3.5858006,0.34715151899969143
279,2,11.2114725,0.33619329551531946
280,2,2.6898062,0.3448081832196475
281,2,-16.908442,0.45628492846652796
282,2,-17.151688,0.5090241635067048
283,2,-16.9351,0.5076858904432022
284,2,-13.392043,0.4065106875778747
285,2,-3.8284006,0.3694433021607185
286,2,-9.284443,0.38508388628611434
287,2,-3.148711,0.3656527498522733
288,2,24.973633,0.33945627996594857
289,2,24.304306,0.3436646899207579
290,2,10.409423,0.34704878484062446
291,2,6.688472,0.35163571934338334
292,2,-14.304433,0.4865125236341379
293,2,-16.601797,0.5762659141577751
294,2,-16.267591,0.513035693910542
295,2,-16.486464,0.539004021202699
296,2,-11.301164,0.42176855699235843
297,2,-13.338862,0.426722364354508
298,2,14.94659,0.3525065427358135
299,2,-14.733526,0.5578890662978598
300,3,-27.985807,0.3766356996590501
301,3,-13.27477,0.26510860422739685
302,3,-27.985807,0.3766356996590501
303,3,-13.27477,0.26510860422739685
304,3,-18.439531,0.28914754462990144
305,3,-8.758455,0.24719658124313545
306,3,-28.519209,0.4278736817695593
307,3,-27.985807,0.3766356996590501
308,3,-13.27477,0.26510860422739685
309,3,-27.985807,0.3766356996590501
310,3,-13.27477,0.26510860422739685
311,3,-29.229488,0.44260929068293836
312,3,-26.732668,0.31875550124868063
313,3,-31.324911,0.44364468432632104
314,3,-16.28713,0.3083805936955013
315,3,7.251304,0.2610105734159248
316,3,-28.44396,0.4362214794557398
317,3,-27.574364,0.40771470457322484
318,3,-11.415431,0.2938940263971311
319,3,1.9376036,0.2828962903573036
320,3,-6.0046906,0.28914193746810735
321,3,-26.263458,0.4064861817005589
322,3,-25.83476,0.3248862820213701
323,3,-31.145144,0.44659003295339705
324,3,-31.145144,0.44659003295339705
325,3,-30.804235,0.4459482086065751
326,3,-31.145144,0.44659003295339705
327,3,-31.145144,0.44659003295339705
328,3,-15.249153,0.31683074081029383
329,3,-14.755873,0.3100539441476917
330,3,-27.254173,0.4197273778244663
331,3,-27.151098,0.4126811303658948
332,3,-27.254173,0.4197273778244663
333,3,-11.222758,0.29466267421587794
334,3,11.268992,0.2924653993981451
335,3,-25.707312,0.3353139164754448
336,3,-18.025225,0.32545537601012203
337,3,-14.222879,0.32150341095798973
338,3,-27.08802,0.4587828083669905
339,3,-5.997292,0.31236153997601973
340,3,15.002939,0.30446562912620306
341,3,-25.64222,0.3691428694383085
342,3,-24.904581,0.35018148057184517
343,3,-25.64222,0.3691428694383085
344,3,-24.904581,0.35018148057184517
345,3,-24.77962,0.3355272595223713
346,3,-25.64222,0.3691428694383085
347,3,-24.904581,0.35018148057184517
348,3,-25.64222,0.3691428694383085
349,3,-24.904581,0.35018148057184517
350,3,-14.312092,0.3333812000620264
351,3,-14.312092,0.3333812000620264
352,3,-11.223547,0.3259225538367965
353,3,-12.664344,0.32734514765205797
354,3,-25.873106,0.5227853479264354
355,3,6.4460816,0.3187450490621811
356,3,-5.258774,0.31997925619483514
357,3,9.053666,0.31322919335796684
358,3,-20.958818,0.33946653473602906
359,3,-20.958818,0.33946653473602906
360,3,-21.880873,0.34527371669542145
361,3,-24.780636,0.41787749500241533
362,3,-24.608479,0.3540010266338877
363,3,-13.270046,0.3376612442879677
364,3,-12.1018505,0.3353665340001334
365,3,-6.110321,0.3334972691068025
366,3,-0.906099,0.3268420322144013
367,3,10.10781,0.31870034628346694
368,3,13.29326,0.31753329102726585
369,3,-16.479715,0.34035645719185953
370,3,-18.994408,0.3423012052336086
371,3,-20.127361,0.34401248068062634
372,3,-23.68211,0.36372827733564383
373,3,-10.08833,0.336861080257385
374,3,-4.226914,0.33536550920967284
375,3,8.162048,0.32800785501592455
376,3,-15.624817,0.36066326205218097
377,3,-15.624817,0.36066326205218097
378,3,-14.493898,0.3505041411621033
379,3,-23.497612,0.36655675056846865
380,3,-6.455577,0.3410002037831576
381,3,-3.8047774,0.33583168101684074
382,3,-15.218645,0.3654716358197064
383,3,-13.926376,0.36235147997118466
384,3,-10.3815,0.35780872573684974
385,3,-22.497477,0.3750688306564177
386,3,-23.370358,0.40280978275525076
387,3,-22.497477,0.3750688306564177
388,3,-18.21467,0.374574159566278
389,3,-23.203629,0.40132654516356464
390,3,-23.470982,0.48082553033798053
391,3,11.2114725,0.33619329551531946
392,3,-22.801437,0.4163615358692802
393,3,-19.250729,0.385003474802484
394,3,-10.014472,0.3627014372207208
395,3,-3.5858006,0.34715151899969143
396,3,-19.003595,0.3822501530399186
397,3,-18.002935,0.37669621903481443
398,3,-10.48765,0.3643835298544722
399,3,-14.028867,0.3712530090627367
400,4,-27.985807,0.3766356996590501
401,4,-13.27477,0.26510860422739685
402,4,-27.985807,0.3766356996590501
403,4,-13.27477,0.26510860422739685
404,4,-18.439531,0.28914754462990144
405,4,-8.758455,0.24719658124313545
406,4,-28.519209,0.4278736817695593
407,4,-27.985807,0.3766356996590501
408,4,-13.27477,0.26510860422739685
409,4,-27.985807,0.3766356996590501
410,4,-13.27477,0.26510860422739685
411,4,-26.732668,0.31875550124868063
412,4,-31.324911,0.44364468432632104
413,4,-27.985807,0.3766356996590501
414,4,-13.27477,0.26510860422739685
415,4,-27.985807,0.3766356996590501
416,4,-13.27477,0.26510860422739685
417,4,-18.439531,0.28914754462990144
418,4,-8.758455,0.24719658124313545
419,4,-28.519209,0.4278736817695593
420,4,-27.985807,0.3766356996590501
421,4,-13.27477,0.26510860422739685
422,4,-27.985807,0.3766356996590501
423,4,-6.641363,0.2360202228175142
424,4,-30.02573,0.43554209797906224
425,4,-29.98975,0.4284733555345872
426,4,-25.83476,0.3248862820213701
427,4,-19.52963,0.32206000408584917
428,4,-31.145144,0.44659003295339705
429,4,-31.145144,0.44659003295339705
430,4,-30.804235,0.4459482086065751
431,4,-31.145144,0.44659003295339705
432,4,-31.145144,0.44659003295339705
433,4,-16.28713,0.3083805936955013
434,4,-11.415431,0.2938940263971311
435,4,-27.574364,0.40771470457322484
436,4,-26.263458,0.4064861817005589
437,4,1.9376036,0.2828962903573036
438,4,-6.0046906,0.28914193746810735
439,4,-2.3303227,0.28843581952416203
440,4,3.9628224,0.2488000422122643
441,4,-29.712528,0.43295670728920294
442,4,-29.566341,0.43271962700778993
443,4,-25.707312,0.3353139164754448
444,4,-18.025225,0.32545537601012203
445,4,-31.098772,0.4467113519895833
446,4,-15.249153,0.31683074081029383
447,4,-14.755873,0.3100539441476917
448,4,-11.818612,0.30988353221186227
449,4,-11.222758,0.29466267421587794
450,4,-27.254173,0.4197273778244663
451,4,-27.151098,0.4126811303658948
452,4,-27.254173,0.4197273778244663
453,4,7.251304,0.2610105734159248
454,4,-29.229488,0.44260929068293836
455,4,-28.44396,0.4362214794557398
456,4,-25.64222,0.3691428694383085
457,4,-24.904581,0.35018148057184517
458,4,-25.64222,0.3691428694383085
459,4,-24.904581,0.35018148057184517
460,4,-24.77962,0.3355272595223713
461,4,-25.64222,0.3691428694383085
462,4,-24.904581,0.35018148057184517
463,4,-25.64222,0.3691428694383085
464,4,-24.904581,0.35018148057184517
465,4,-14.222879,0.32150341095798973
466,4,-14.312092,0.3333812000620264
467,4,-14.312092,0.3333812000620264
468,4,-5.997292,0.31236153997601973
469,4,0.51390344,0.3018432146850439
470,4,11.268992,0.2924653993981451
471,4,-27.08802,0.4587828083669905
472,4,-20.958818,0.33946653473602906
473,4,-20.958818,0.33946653473602906
474,4,-21.880873,0.34527371669542145
475,4,-19.724987,0.3391645645131875
476,4,-24.780636,0.41787749500241533
477,4,-24.608479,0.3540010266338877
478,4,-11.223547,0.3259225538367965
479,4,-12.664344,0.32734514765205797
480,4,-8.3074665,0.32378767552682935
481,4,-13.270046,0.3376612442879677
482,4,-5.258774,0.31997925619483514
483,4,6.4460816,0.3187450490621811
484,4,9.053666,0.31322919335796684
485,4,15.002939,0.30446562912620306
486,4,-25.873106,0.5227853479264354
487,4,-20.127361,0.34401248068062634
488,4,-21.714994,0.3510187932372008
489,4,-16.479715,0.34035645719185953
490,4,-18.994408,0.3423012052336086
491,4,-23.68211,0.36372827733564383
492,4,-22.412172,0.362796778208814
493,4,-24.490957,0.3907157880514943
494,4,-12.1018505,0.3353665340001334
495,4,-11.388917,0.32736857596056246
496,4,-4.101254,0.3263238732777446
497,4,10.10781,0.31870034628346694
498,4,13.29326,0.31753329102726585
499,4,16.118265,0.3213631544257306
500,5,-13.27477,0.26510860422739685
501,5,-13.27477,0.26510860422739685
502,5,-18.439531,0.28914754462990144
503,5,-8.758455,0.24719658124313545
504,5,-13.27477,0.26510860422739685
505,5,-13.27477,0.26510860422739685
506,5,-26.732668,0.31875550124868063
507,5,-31.324911,0.44364468432632104
508,5,-13.27477,0.26510860422739685
509,5,-13.27477,0.26510860422739685
510,5,-18.439531,0.28914754462990144
511,5,-8.758455,0.24719658124313545
512,5,-13.27477,0.26510860422739685
513,5,-6.641363,0.2360202228175142
514,5,-13.27477,0.26510860422739685
515,5,-13.27477,0.26510860422739685
516,5,-18.439531,0.28914754462990144
517,5,-8.758455,0.24719658124313545
518,5,-13.27477,0.26510860422739685
519,5,-18.201412,0.2844182270459226
520,5,-30.18851,0.41686043496975794
521,5,-31.405838,0.44451073313833994
522,5,-11.255928,0.2613880584441033
523,5,-28.778831,0.3696976759813073
524,5,-31.220074,0.4427698105761077
525,5,-18.480442,0.3078951474216154
526,5,-30.823076,0.4308783012262618
527,5,-27.473684,0.3696556516238975
528,5,-28.78983,0.4119676952399925
529,5,-19.131086,0.308906387562328
530,5,-25.83476,0.3248862820213701
531,5,-19.52963,0.32206000408584917
532,5,3.9628224,0.2488000422122643
533,5,-11.415431,0.2938940263971311
534,5,-12.909312,0.3009343539426049
535,5,-30.123667,0.42445380198670846
536,5,-30.038559,0.4186385141521064
537,5,-31.240042,0.4447264561169412
538,5,-10.23343,0.2614574510971838
539,5,-27.985807,0.3766356996590501
540,5,-27.985807,0.3766356996590501
541,5,-27.985807,0.3766356996590501
542,5,-27.985807,0.3766356996590501
543,5,-27.985807,0.3766356996590501
544,5,-27.985807,0.3766356996590501
545,5,-27.985807,0.3766356996590501
546,5,-27.985807,0.3766356996590501
547,5,-27.985807,0.3766356996590501
548,5,-27.985807,0.3766356996590501
549,5,-27.985807,0.3766356996590501
550,5,-27.985807,0.3766356996590501
551,5,-16.28713,0.3083805936955013
552,5,-30.524462,0.4355916555458424
553,5,-18.71325,0.3212028646478179
554,5,-25.707312,0.3353139164754448
555,5,-24.246075,0.3251538048812266
556,5,7.251304,0.2610105734159248
557,5,-11.222758,0.29466267421587794
558,5,-28.519209,0.4278736817695593
559,5,-28.519209,0.4278736817695593
560,5,-30.02573,0.43554209797906224
561,5,-29.98975,0.4284733555345872
562,5,-28.519209,0.4278736817695593
563,5,-31.145144,0.44659003295339705
564,5,-31.145144,0.44659003295339705
565,5,-30.804235,0.4459482086065751
566,5,-31.145144,0.44659003295339705
567,5,-31.145144,0.44659003295339705
568,5,1.9376036,0.2828962903573036
569,5,-6.0046906,0.28914193746810735
570,5,-2.3303227,0.28843581952416203
571,5,-2.308798,0.28442844761429437
572,5,-27.574364,0.40771470457322484
573,5,-27.269026,0.3899383865208301
574,5,-26.820326,0.3891506079870903
575,5,-15.249153,0.31683074081029383
576,5,-14.755873,0.3100539441476917
577,5,-11.818612,0.30988353221186227
578,5,11.268992,0.2924653993981451
579,5,-31.098772,0.4467113519895833
580,5,-29.712528,0.43295670728920294
581,5,-28.896564,0.43152941672726114
582,5,-29.566341,0.43271962700778993
583,5,-27.254173,0.4197273778244663
584,5,-27.254173,0.4197273778244663
585,5,-26.016788,0.40265388931349977
586,5,-25.64222,0.3691428694383085
587,5,-25.64222,0.3691428694383085
588,5,-25.64222,0.3691428694383085
589,5,-25.64222,0.3691428694383085
590,5,-24.77962,0.3355272595223713
591,5,0.51390344,0.3018432146850439
592,5,-5.997292,0.31236153997601973
593,5,-14.222879,0.32150341095798973
594,5,-24.904581,0.35018148057184517
595,5,-24.904581,0.35018148057184517
596,5,-24.904581,0.35018148057184517
597,5,-24.904581,0.35018148057184517
598,5,-27.151098,0.4126811303658948
599,5,-26.263458,0.4064861817005589
600,6,-13.27477,0.26510860422739685
601,6,-13.27477,0.26510860422739685
602,6,-18.439531,0.28914754462990144
603,6,-13.27477,0.26510860422739685
604,6,-13.27477,0.26510860422739685
605,6,-26.732668,0.31875550124868063
606,6,-31.324911,0.44364468432632104
607,6,-13.27477,0.26510860422739685
608,6,-13.27477,0.26510860422739685
609,6,-18.439531,0.28914754462990144
610,6,-13.27477,0.26510860422739685
611,6,-13.27477,0.26510860422739685
612,6,-13.27477,0.26510860422739685
613,6,-18.439531,0.28914754462990144
614,6,-13.27477,0.26510860422739685
615,6,-18.201412,0.2844182270459226
616,6,-30.18851,0.41686043496975794
617,6,-31.405838,0.44451073313833994
618,6,-28.778831,0.3696976759813073
619,6,-30.823076,0.4308783012262618
620,6,-27.473684,0.3696556516238975
621,6,-13.27477,0.26510860422739685
622,6,-13.27477,0.26510860422739685
623,6,-18.439531,0.28914754462990144
624,6,-13.27477,0.26510860422739685
625,6,-13.27477,0.26510860422739685
626,6,-26.732668,0.31875550124868063
627,6,-31.324911,0.44364468432632104
628,6,-13.27477,0.26510860422739685
629,6,-13.27477,0.26510860422739685
630,6,-12.658599,0.23595274760969362
631,6,-21.002914,0.29851946270362617
632,6,-31.228498,0.44261184709821133
633,6,-29.037691,0.37510798679307034
634,6,-12.791387,0.26113082989796615
635,6,-23.24744,0.3121912232327597
636,6,-14.22291,0.2697306951684707
637,6,-30.123667,0.42445380198670846
638,6,-30.038559,0.4186385141521064
639,6,-28.411497,0.3731121605569778
640,6,-30.524462,0.4355916555458424
641,6,-16.67239,0.2891508403878807
642,6,-25.83476,0.3248862820213701
643,6,-31.320686,0.4444547857434152
644,6,-8.758455,0.24719658124313545
645,6,-8.758455,0.24719658124313545
646,6,-6.641363,0.2360202228175142
647,6,-8.758455,0.24719658124313545
648,6,-8.758455,0.24719658124313545
649,6,-12.049931,0.2579038433707424
650,6,-19.131086,0.308906387562328
651,6,-17.153486,0.2987098747293674
652,6,-18.698488,0.3049030688603263
653,6,-31.220074,0.4427698105761077
654,6,-28.78983,0.4119676952399925
655,6,-12.276779,0.2646822229014184
656,6,-19.52963,0.32206000408584917
657,6,-30.02573,0.43554209797906224
658,6,-29.98975,0.4284733555345872
659,6,-27.985807,0.3766356996590501
660,6,-27.985807,0.3766356996590501
661,6,-27.985807,0.3766356996590501
662,6,-27.985807,0.3766356996590501
663,6,-27.985807,0.3766356996590501
664,6,-27.985807,0.3766356996590501
665,6,-27.985807,0.3766356996590501
666,6,-27.985807,0.3766356996590501
667,6,-27.985807,0.3766356996590501
668,6,-27.985807,0.3766356996590501
669,6,-27.985807,0.3766356996590501
670,6,-27.985807,0.3766356996590501
671,6,-13.2669525,0.2914621130812697
672,6,-25.707312,0.3353139164754448
673,6,-24.246075,0.3251538048812266
674,6,-31.240042,0.4447264561169412
675,6,3.9628224,0.2488000422122643
676,6,-11.585438,0.26051531928529387
677,6,-18.71325,0.3212028646478179
678,6,-16.03769,0.30190441974878324
679,6,-18.480442,0.3078951474216154
680,6,-28.519209,0.4278736817695593
681,6,-28.519209,0.4278736817695593
682,6,-28.519209,0.4278736817695593
683,6,-28.28457,0.42636731385805715
684,6,7.251304,0.2610105734159248
685,6,-31.145144,0.44659003295339705
686,6,-31.145144,0.44659003295339705
687,6,-31.145144,0.44659003295339705
688,6,-31.145144,0.44659003295339705
689,6,-30.873959,0.4455525555036662
690,6,-29.712528,0.43295670728920294
691,6,-24.77962,0.3355272595223713
692,6,-16.28713,0.3083805936955013
693,6,-27.574364,0.40771470457322484
694,6,-11.415431,0.2938940263971311
695,6,-11.255928,0.2613880584441033
696,6,-29.362242,0.43050331567254463
697,6,-26.820326,0.3891506079870903
698,6,-24.904581,0.35018148057184517
699,6,-24.904581,0.35018148057184517
700,7,-26.732668,0.31875550124868063
701,7,-31.324911,0.44364468432632104
702,7,-30.18851,0.41686043496975794
703,7,-31.405838,0.44451073313833994
704,7,-28.778831,0.3696976759813073
705,7,-30.823076,0.4308783012262618
706,7,-27.473684,0.3696556516238975
707,7,-26.732668,0.31875550124868063
708,7,-31.324911,0.44364468432632104
709,7,-21.002914,0.29851946270362617
710,7,-31.228498,0.44261184709821133
711,7,-29.037691,0.37510798679307034
712,7,-23.24744,0.3121912232327597
713,7,-26.732668,0.31875550124868063
714,7,-31.324911,0.44364468432632104
715,7,-20.263187,0.26003283445931946
716,7,-14.864256,0.23521486622972343
717,7,-31.394133,0.44432507073491956
718,7,-30.917591,0.440426487336192
719,7,-29.899746,0.4134237967473408
720,7,-30.123667,0.42445380198670846
721,7,-30.038559,0.4186385141521064
722,7,-28.411497,0.3731121605569778
723,7,-30.524462,0.4355916555458424
724,7,-31.220074,0.4427698105761077
725,7,-28.78983,0.4119676952399925
726,7,-25.83476,0.3248862820213701
727,7,-18.439531,0.28914754462990144
728,7,-18.439531,0.28914754462990144
729,7,-18.439531,0.28914754462990144
730,7,-18.201412,0.2844182270459226
731,7,-18.439531,0.28914754462990144
732,7,-19.131086,0.308906387562328
733,7,-18.698488,0.3049030688603263
734,7,-19.52963,0.32206000408584917
735,7,-18.439531,0.28914754462990144
736,7,-18.439531,0.28914754462990144
737,7,-17.625246,0.26461005626526674
738,7,-12.658599,0.23595274760969362
739,7,-12.791387,0.26113082989796615
740,7,-31.320686,0.4444547857434152
741,7,-31.351236,0.44478632002457813
742,7,-6.641363,0.2360202228175142
743,7,-31.350454,0.44482555541533086
744,7,-25.707312,0.3353139164754448
745,7,-28.28457,0.42636731385805715
746,7,-27.985807,0.3766356996590501
747,7,-27.985807,0.3766356996590501
748,7,-27.985807,0.3766356996590501
749,7,-27.985807,0.3766356996590501
750,7,-27.985807,0.3766356996590501
751,7,-27.985807,0.3766356996590501
752,7,-27.985807,0.3766356996590501
753,7,-27.985807,0.3766356996590501
754,7,-27.985807,0.3766356996590501
755,7,-27.985807,0.3766356996590501
756,7,-27.985807,0.3766356996590501
757,7,-27.985807,0.3766356996590501
758,7,-14.22291,0.2697306951684707
759,7,-29.98975,0.4284733555345872
760,7,-28.519209,0.4278736817695593
761,7,-28.519209,0.4278736817695593
762,7,-28.519209,0.4278736817695593
763,7,-12.049931,0.2579038433707424
764,7,-16.017134,0.28823827523385087
765,7,-13.27477,0.26510860422739685
766,7,-13.27477,0.26510860422739685
767,7,-13.27477,0.26510860422739685
768,7,-13.27477,0.26510860422739685
769,7,-13.27477,0.26510860422739685
770,7,-13.27477,0.26510860422739685
771,7,-13.27477,0.26510860422739685
772,7,-13.27477,0.26510860422739685
773,7,-13.27477,0.26510860422739685
774,7,-13.27477,0.26510860422739685
775,7,-13.27477,0.26510860422739685
776,7,-13.27477,0.26510860422739685
777,7,-13.27477,0.26510860422739685
778,7,-13.27477,0.26510860422739685
779,7,-13.27477,0.26510860422739685
780,7,-13.27477,0.26510860422739685
781,7,-13.27477,0.26510860422739685
782,7,-13.27477,0.26510860422739685
783,7,-13.27477,0.26510860422739685
784,7,-13.27477,0.26510860422739685
785,7,-13.27477,0.26510860422739685
786,7,-13.27477,0.26510860422739685
787,7,-8.758455,0.24719658124313545
788,7,-8.758455,0.24719658124313545
789,7,-8.758455,0.24719658124313545
790,7,-8.758455,0.24719658124313545
791,7,-18.480442,0.3078951474216154
792,7,-31.240042,0.4447264561169412
793,7,-18.71325,0.3212028646478179
794,7,-30.02573,0.43554209797906224
795,7,-24.246075,0.3251538048812266
796,7,-17.153486,0.2987098747293674
797,7,-16.67239,0.2891508403878807
798,7,-18.385963,0.3010494916046669
799,7,-30.286432,0.44395164749913496
800,8,-26.732668,0.31875550124868063
801,8,-31.324911,0.44364468432632104
802,8,-30.18851,0.41686043496975794
803,8,-31.405838,0.44451073313833994
804,8,-28.778831,0.3696976759813073
805,8,-30.823076,0.4308783012262618
806,8,-27.473684,0.3696556516238975
807,8,-26.732668,0.31875550124868063
808,8,-31.324911,0.44364468432632104
809,8,-21.002914,0.29851946270362617
810,8,-31.228498,0.44261184709821133
811,8,-29.037691,0.37510798679307034
812,8,-23.24744,0.3121912232327597
813,8,-26.732668,0.31875550124868063
814,8,-31.324911,0.44364468432632104
815,8,-20.263187,0.26003283445931946
816,8,-14.864256,0.23521486622972343
817,8,-31.394133,0.44432507073491956
818,8,-30.917591,0.440426487336192
819,8,-26.732668,0.31875550124868063
820,8,-31.324911,0.44364468432632104
821,8,-30.18851,0.41686043496975794
822,8,-31.405838,0.44451073313833994
823,8,-28.778831,0.3696976759813073
824,8,-30.823076,0.4308783012262618
825,8,-27.473684,0.3696556516238975
826,8,-26.732668,0.31875550124868063
827,8,-31.324911,0.44364468432632104
828,8,-21.002914,0.29851946270362617
829,8,-29.906275,0.3970205428882765
830,8,-31.386255,0.44431049353038315
831,8,-31.38544,0.4442210069176561
832,8,-29.076275,0.38451111583329944
833,8,-31.220074,0.4427698105761077
834,8,-18.439531,0.28914754462990144
835,8,-18.439531,0.28914754462990144
836,8,-18.439531,0.28914754462990144
837,8,-18.201412,0.2844182270459226
838,8,-18.439531,0.28914754462990144
839,8,-18.439531,0.28914754462990144
840,8,-18.439531,0.28914754462990144
841,8,-17.625246,0.26461005626526674
842,8,-12.658599,0.23595274760969362
843,8,-12.791387,0.26113082989796615
844,8,-31.39027,0.4444355258485481
845,8,-30.123667,0.42445380198670846
846,8,-30.038559,0.4186385141521064
847,8,-28.411497,0.3731121605569778
848,8,-30.524462,0.4355916555458424
849,8,-25.83476,0.3248862820213701
850,8,-19.52963,0.32206000408584917
851,8,-19.45658,0.30327327171681245
852,8,-29.899746,0.4134237967473408
853,8,-28.78983,0.4119676952399925
854,8,-6.641363,0.2360202228175142
855,8,-31.3614,0.444780581027109
856,8,-25.707312,0.3353139164754448
857,8,-28.258726,0.4039848640317958
858,8,-14.22291,0.2697306951684707
859,8,-28.28457,0.42636731385805715
860,8,-16.017134,0.28823827523385087
861,8,-27.985807,0.3766356996590501
862,8,-27.985807,0.3766356996590501
863,8,-27.985807,0.3766356996590501
864,8,-27.985807,0.3766356996590501
865,8,-27.985807,0.3766356996590501
866,8,-27.985807,0.3766356996590501
867,8,-27.985807,0.3766356996590501
868,8,-27.985807,0.3766356996590501
869,8,-27.985807,0.3766356996590501
870,8,-27.985807,0.3766356996590501
871,8,-27.985807,0.3766356996590501
872,8,-27.985807,0.3766356996590501
873,8,-24.246075,0.3251538048812266
874,8,-13.27477,0.26510860422739685
875,8,-13.27477,0.26510860422739685
876,8,-13.27477,0.26510860422739685
877,8,-13.27477,0.26510860422739685
878,8,-13.27477,0.26510860422739685
879,8,-13.27477,0.26510860422739685
880,8,-13.27477,0.26510860422739685
881,8,-13.27477,0.26510860422739685
882,8,-13.27477,0.26510860422739685
883,8,-13.27477,0.26510860422739685
884,8,-13.27477,0.26510860422739685
885,8,-13.27477,0.26510860422739685
886,8,-13.27477,0.26510860422739685
887,8,-13.27477,0.26510860422739685
888,8,-13.27477,0.26510860422739685
889,8,-13.27477,0.26510860422739685
890,8,-13.27477,0.26510860422739685
891,8,-13.27477,0.26510860422739685
892,8,-13.27477,0.26510860422739685
893,8,-13.27477,0.26510860422739685
894,8,-13.27477,0.26510860422739685
895,8,-13.27477,0.26510860422739685
896,8,-10.045114,0.2541685613354297
897,8,-28.519209,0.4278736817695593
898,8,-28.519209,0.4278736817695593
899,8,-28.519209,0.4278736817695593
900,9,-26.732668,0.31875550124868063
901,9,-31.324911,0.44364468432632104
902,9,-30.18851,0.41686043496975794
903,9,-28.778831,0.3696976759813073
904,9,-30.823076,0.4308783012262618
905,9,-27.473684,0.3696556516238975
906,9,-26.732668,0.31875550124868063
907,9,-31.324911,0.44364468432632104
908,9,-21.002914,0.29851946270362617
909,9,-31.228498,0.44261184709821133
910,9,-29.037691,0.37510798679307034
911,9,-23.24744,0.3121912232327597
912,9,-26.732668,0.31875550124868063
913,9,-31.324911,0.44364468432632104
914,9,-20.263187,0.26003283445931946
915,9,-14.864256,0.23521486622972343
916,9,-31.394133,0.44432507073491956
917,9,-26.732668,0.31875550124868063
918,9,-31.324911,0.44364468432632104
919,9,-30.18851,0.41686043496975794
920,9,-28.778831,0.3696976759813073
921,9,-30.823076,0.4308783012262618
922,9,-27.473684,0.3696556516238975
923,9,-26.732668,0.31875550124868063
924,9,-31.324911,0.44364468432632104
925,9,-21.002914,0.29851946270362617
926,9,-29.906275,0.3970205428882765
927,9,-31.386255,0.44431049353038315
928,9,-31.38544,0.4442210069176561
929,9,-29.076275,0.38451111583329944
930,9,-26.732668,0.31875550124868063
931,9,-31.324911,0.44364468432632104
932,9,-30.18851,0.41686043496975794
933,9,-28.778831,0.3696976759813073
934,9,-30.823076,0.4308783012262618
935,9,-27.473684,0.3696556516238975
936,9,-26.732668,0.31875550124868063
937,9,-31.324911,0.44364468432632104
938,9,-21.002914,0.29851946270362617
939,9,-31.152433,0.4379069177226377
940,9,-30.445444,0.42301290787383006
941,9,-5.358309,0.1773686604390024
942,9,-31.379446,0.4436473642726649
943,9,-31.409643,0.4444945326688738
944,9,-31.220074,0.4427698105761077
945,9,-18.439531,0.28914754462990144
946,9,-18.439531,0.28914754462990144
947,9,-18.439531,0.28914754462990144
948,9,-18.201412,0.2844182270459226
949,9,-18.439531,0.28914754462990144
950,9,-18.439531,0.28914754462990144
951,9,-18.439531,0.28914754462990144
952,9,-17.625246,0.26461005626526674
953,9,-12.658599,0.23595274760969362
954,9,-12.791387,0.26113082989796615
955,9,-31.39027,0.4444355258485481
956,9,-29.899746,0.4134237967473408
957,9,-29.77727,0.3971223503792957
958,9,-30.038559,0.4186385141521064
959,9,-28.411497,0.3731121605569778
960,9,-30.524462,0.4355916555458424
961,9,-25.83476,0.3248862820213701
962,9,-25.126902,0.3188956331470173
963,9,-19.45658,0.30327327171681245
964,9,-30.917591,0.440426487336192
965,9,-31.059809,0.4412011167406365
966,9,-30.634296,0.43866108486565963
967,9,-30.982054,0.44119986534891775
968,9,-30.123667,0.42445380198670846
969,9,-31.405838,0.44451073313833994
970,9,-31.405838,0.44451073313833994
971,9,-31.405838,0.44451073313833994
972,9,-6.641363,0.2360202228175142
973,9,-31.392746,0.4445122134834679
974,9,-31.119078,0.4444471777450447
975,9,-25.707312,0.3353139164754448
976,9,-30.368214,0.4390851805973848
977,9,-14.22291,0.2697306951684707
978,9,-30.018194,0.42067038113659705
979,9,-10.045114,0.2541685613354297
980,9,-17.416641,0.30367260263999557
981,9,-15.916194,0.28195608095310126
982,9,-28.659733,0.3972219831572745
983,9,-29.555033,0.40058259684168457
984,9,-16.017134,0.28823827523385087
985,9,-19.52963,0.32206000408584917
986,9,-27.985807,0.3766356996590501
987,9,-27.985807,0.3766356996590501
988,9,-27.985807,0.3766356996590501
989,9,-27.985807,0.3766356996590501
990,9,-27.985807,0.3766356996590501
991,9,-27.985807,0.3766356996590501
992,9,-27.985807,0.3766356996590501
993,9,-27.985807,0.3766356996590501
994,9,-27.985807,0.3766356996590501
995,9,-27.985807,0.3766356996590501
996,9,-27.985807,0.3766356996590501
997,9,-27.985807,0.3766356996590501
998,9,-13.27477,0.26510860422739685
999,9,-13.27477,0.26510860422739685
1000,10,-26.732668,0.31875550124868063
1001,10,-31.324911,0.44364468432632104
1002,10,-28.778831,0.3696976759813073
1003,10,-26.732668,0.31875550124868063
1004,10,-31.324911,0.44364468432632104
1005,10,-31.228498,0.44261184709821133
1006,10,-29.037691,0.37510798679307034
1007,10,-26.732668,0.31875550124868063
1008,10,-31.324911,0.44364468432632104
1009,10,-20.263187,0.26003283445931946
1010,10,-14.864256,0.23521486622972343
1011,10,-31.394133,0.44432507073491956
1012,10,-26.732668,0.31875550124868063
1013,10,-31.324911,0.44364468432632104
1014,10,-28.778831,0.3696976759813073
1015,10,-26.732668,0.31875550124868063
1016,10,-31.324911,0.44364468432632104
1017,10,-29.906275,0.3970205428882765
1018,10,-31.386255,0.44431049353038315
1019,10,-31.38544,0.4442210069176561
1020,10,-29.076275,0.38451111583329944
1021,10,-26.732668,0.31875550124868063
1022,10,-31.324911,0.44364468432632104
1023,10,-28.778831,0.3696976759813073
1024,10,-26.732668,0.31875550124868063
1025,10,-31.324911,0.44364468432632104
1026,10,-31.152433,0.4379069177226377
1027,10,-30.445444,0.42301290787383006
1028,10,-5.358309,0.1773686604390024
1029,10,-31.379446,0.4436473642726649
1030,10,-31.409643,0.4444945326688738
1031,10,-26.732668,0.31875550124868063
1032,10,-31.324911,0.44364468432632104
1033,10,-28.778831,0.3696976759813073
1034,10,-26.732668,0.31875550124868063
1035,10,-31.324911,0.44364468432632104
1036,10,-31.228498,0.44261184709821133
1037,10,-24.909815,0.28141807480519426
1038,10,-28.02102,0.3354023896533287
1039,10,-22.732199,0.2606451897301345
1040,10,-30.949976,0.43184620705627796
1041,10,-28.255941,0.3555351666970786
1042,10,-31.066975,0.4354866414142868
1043,10,-30.858345,0.42912005430137784
1044,10,-24.049128,0.2654144411071683
1045,10,-30.210958,0.4124911931605745
1046,10,-17.814117,0.2355765864683576
1047,10,-29.9314,0.4054939546438166
1048,10,-29.74483,0.39439476080162156
1049,10,-25.055843,0.2909449450507574
1050,10,-31.39027,0.4444355258485481
1051,10,-29.77727,0.3971223503792957
1052,10,-30.211634,0.4256334559553692
1053,10,0.8794375,0.22522541073159985
1054,10,-31.405838,0.44451073313833994
1055,10,-31.405838,0.44451073313833994
1056,10,-31.405838,0.44451073313833994
1057,10,-28.411497,0.3731121605569778
1058,10,-28.51662,0.39189614234519693
1059,10,-25.83476,0.3248862820213701
1060,10,-25.126902,0.3188956331470173
1061,10,-31.220074,0.4427698105761077
1062,10,-31.077448,0.44273045625799373
1063,10,-19.426302,0.2648804118285369
1064,10,-27.473684,0.3696556516238975
1065,10,-27.473684,0.3696556516238975
1066,10,-27.473684,0.3696556516238975
1067,10,-27.473684,0.3696556516238975
1068,10,-30.917591,0.440426487336192
1069,10,-31.059809,0.4412011167406365
1070,10,-30.982054,0.44119986534891775
1071,10,-30.823076,0.4308783012262618
1072,10,-30.823076,0.4308783012262618
1073,10,-30.823076,0.4308783012262618
1074,10,-30.823076,0.4308783012262618
1075,10,-19.857233,0.2673262577522595
1076,10,-22.595083,0.2901163950802727
1077,10,-30.18851,0.41686043496975794
1078,10,-30.18851,0.41686043496975794
1079,10,-30.18851,0.41686043496975794
1080,10,-30.18851,0.41686043496975794
1081,10,-17.625246,0.26461005626526674
1082,10,-12.658599,0.23595274760969362
1083,10,-12.791387,0.26113082989796615
1084,10,-29.899746,0.4134237967473408
1085,10,-23.24744,0.3121912232327597
1086,10,-6.641363,0.2360202228175142
1087,10,-31.401104,0.4445474175262774
1088,10,-25.707312,0.3353139164754448
1089,10,-28.382195,0.3732080864901064
1090,10,-30.123667,0.42445380198670846
1091,10,-31.392746,0.4445122134834679
1092,10,-30.038559,0.4186385141521064
1093,10,-21.002914,0.29851946270362617
1094,10,-21.002914,0.29851946270362617
1095,10,-21.002914,0.29851946270362617
1096,10,-21.002914,0.29851946270362617
1097,10,-30.524462,0.4355916555458424
1098,10,-28.659733,0.3972219831572745
1099,10,-31.387106,0.44444620944576435
